Words,P.O.S
"a, an","indefinite, article"
abandon,Verb
ability,Noun
able,Adjective
about,prep. Adverb
above,prep. Adverb
abroad,Adverb
absolute,Adjective
absolutely,Adverb
academic,"adj, Noun"
accept,Verb
acceptable,Adjective
access,Noun Verb
accident,Noun
accommodation,Noun
accompany,Verb
according to,prep.
account,Noun Verb
accurate,Adjective
accuse,Verb
achieve,Verb
achievement,Noun
acknowledge,Verb
acquire,Verb
across,prep. Adverb
act,Verb Noun
action,Noun
active,Adjective
activity,Noun
actor,Noun
actress,Noun
actual,Adjective
actually,Adverb
ad,Noun
adapt,Verb
add,Verb
addition,Noun
additional,Adjective
address,Noun Verb
administration,Noun
admire,Verb
admit,Verb
adopt,Verb
adult,Noun adj
Advance,Noun Verb adj
Advanced,Adjective
Advantage,Noun
Adventure,Noun
Advertise,Verb
Advertisement,Noun
Advertising,Noun
Advice,Noun Verb
affair,Noun
affect,Verb
afford,Verb
afraid,Adjective
after,prep. conj. Adverb
afternoon,Noun
afterwards,Adverb
again,Adverb
against,prep.
age,Noun Verb
aged,Adjective
agency,Noun
agenda,Noun
agent,Noun
aggressive,Adjective
ago,Adverb
agree,Verb
agreement,Noun
ah,exclam.
ahead,Adverb
aid,Noun Verb
aim,Verb Noun
air,Noun
aircraft,Noun
airline,Noun
airport,Noun
alarm,Noun Verb
album,Noun
alcohol,Noun
alcoholic,Adjective
alive,Adjective
all,"det. pron, Adverb"
all right,"Adjective, Adverb exclam"
allow,Verb
almost,Adverb
alone,"Adjective, Adverb"
along,prep. Adverb
already,Adverb
also,Adverb
alter,Verb
alternative,Noun Adjective
although,conj
always,Adverb
amazed,Adjective
amazing,Adjective
ambition,Noun
ambitious,Adjective
among,prep.
amount,Noun Verb
analyse,Verb
analysis,Noun
ancient,Adjective
and,conj
anger,Noun
angle,Noun
angry,Adjective
animal,Noun
ankle,Noun
anniversary,Noun
announce,Verb
announcement,Noun
annoy,Verb
annoyed,Adjective
annoying,Adjective
annual,Adjective
another,det. pron
answer,Noun Verb
anxious,Adjective
any,"det. proNoun, Adverb"
anybody,pron
any more,Adverb
anyone,pron
anything,pron
anyway,Adverb
anywhere,AdVerb proNoun
apart,Adverb
apartment,Noun
apologize,Verb
app,Noun
apparent,Adjective
apparently,Adverb
appeal,Noun Verb
appear,Verb
appearance,Noun
apple,Noun
application,Noun
apply,Verb
appointment,Noun
appreciate,Verb
approach,Noun Verb
appropriate,Adjective
approval,Noun
approve,Verb
approximately,Adverb
April,Noun
architect,Noun
architecture,Noun
area,Noun
argue,Verb
argument,Noun
arise,Verb
arm,Noun
armed,Adjective
arms,Noun
army,Noun
around,prep. Adverb
arrange,Verb
arrangement,Noun
arrest,Verb Noun
arrival,Noun
arrive,Verb
art,Noun
article,Noun
artificial,Adjective
artist,Noun
artistic,Adjective
as,"prep., Adverb conj."
ashamed,Adjective
asleep,Adjective
ask,Verb
aspect,Noun
assess,Verb
assessment,Noun
assignment,Noun
assist,Verb
assistant,Noun Adjective
associate,Verb
associated,Adjective
association,Noun
assume,Verb
at,prep.
athlete,Noun
atmosphere,Noun
attach,Verb
attack,Noun Verb
attempt,Noun Verb
attend,Verb
attention,Noun exclam.
attitude,Noun
attract,Verb
attraction,Noun
attractive,Adjective
audience,Noun
August,Noun
aunt,Noun
author,Noun
authority,Noun
autumn,Noun
available,Adjective
average,"Adjective, Noun Verb"
avoid,Verb
award,Noun Verb
aware,Adjective
away,Adverb
awful,Adjective
baby,Noun
back,"Noun AdVerb Adjective, Verb"
background,Noun
backwards,Adverb
bacteria,Noun
bad,Adjective
badly,Adverb
bag,Noun
bake,Verb
balance,Noun Verb
ball,Noun
ban,Verb Noun
banana,Noun
band,Noun
bank (money),Noun
bank (river),Noun
bar,Noun Verb
barrier,Noun
base,Noun Verb
baseball,Noun
based,Adjective
basketball,Noun
basic,Adjective
basically,Adverb
basis,Noun
bath,Noun
bathroom,Noun
battery,Noun
battle,Noun Verb
be,Verb auxiliary Verb
beach,Noun
bean,Noun
bear,Verb
bear,Noun
beat,Verb Noun
beautiful,Adjective
beauty,Noun
because,conj.
become,Verb
bed,Noun
bedroom,Noun
bee,Noun
beef,Noun
beer,Noun
before,"prep., conj. Adverb"
beg,Verb
begin,Verb
beginning,Noun
behave,Verb
behaviour,Noun
behind,prep. Adverb
being,Noun
belief,Noun
believe,Verb
bell,Noun
belong,Verb
below,Adverb prep.
belt,Noun
bend,Verb Noun
benefit,Verb Noun
bent,Adjective
best,"Adjective, Adverb Noun"
bet,Verb Noun
better,"Adjective, Adverb, Noun"
between,"prep., Adverb"
beyond,prep. Adverb
bicycle,Noun
big,Adjective
bike,Noun
bill,Noun Verb
billion,number
bin,Noun
biology,Noun
bird,Noun
birth,Noun
birthday,Noun
biscuit,Noun
bit,Noun
bite,Verb Noun
bitter,Adjective
black,"Adjective, Noun"
blame,Verb Noun
blank,"Adjective, Noun"
blind,Adjective
block,Noun Verb
blog,Noun
blonde,Adjective
blood,Noun
blow,Verb
blue,"Adjective, Noun"
board,Noun Verb
boat,Noun
body,Noun
boil,Verb
bomb,Noun Verb
bond,Noun
bone,Noun
book,Noun Verb
boot,Noun
border,Noun Verb
bored,Adjective
boring,Adjective
born,Verb
borrow,Verb
boss,Noun
both,det./proNoun
bother,Verb
bottle,Noun
bottom,Noun Adjective
bowl,Noun
box,Noun
boy,Noun
boyfriend,Noun
brain,Noun
branch,Noun
brand,Noun Verb
brave,Adjective
bread,Noun
break,Verb Noun
breakfast,Noun
breast,Noun
breath,Noun
breathe,Verb
breathing,Noun
bride,Noun
bridge,Noun
brief,Adjective
bright,Adjective
brilliant,Adjective
bring,Verb
broad,Adjective
broadcast,Verb Noun
broken,Adjective
brother,Noun
brown,"Adjective, Noun"
brush,Verb Noun
bubble,Noun
budget,Noun
build,Verb
building,Noun
bullet,Noun
bunch,Noun
burn,Verb Noun
bury,Verb
bus,Noun
bush,Noun
business,Noun
businessman,Noun
busy,Adjective
but,conj. prep
butter,Noun
button,Noun
buy,Verb
by,prep. Adverb
bye,exclam
cable,Noun
cafe,Noun
cake,Noun
calculate,Verb
call,Verb Noun
calm,Adjective Verb Noun
camera,Noun
camp,Noun Verb
campaign,Noun Verb
camping,Noun
campus,Noun
can1,modal Verb
can2,Noun
cancel,Verb
cancer,Noun
candidate,Noun
cannot,Verb
cap,Noun
capable,Adjective
capacity,Noun
capital,Noun Adjective
captain,Noun
capture,Verb Noun
car,Noun
card,Noun
care,Noun Verb
career,Noun
careful,Adjective
carefully,Adverb
careless,Adjective
carpet,Noun
carrot,Noun
carry,Verb
cartoon,Noun
case,Noun
cash,Noun
cast,Noun Verb
castle,Noun
cat,Noun
catch,Verb Noun
category,Noun
cause,Noun Verb
CD,Noun
ceiling,Noun
celebrate,Verb
celebration,Noun
celebrity,Noun
cell,Noun
cent,Noun
central,Adjective
centre,Noun Verb
century,Noun
ceremony,Noun
certain,Adjective
certainly,Adverb
chain,Noun Verb
chair,Noun Verb
chairman,Noun
challenge,Noun Verb
champion,Noun
chance,Noun
change,Verb Noun
channel,Noun
chapter,Noun
character,Noun
characteristic,Noun Adjective
charge,Noun Verb
charity,Noun
chart,Noun Verb
chat,Verb Noun
cheap,"Adjective, Adverb"
cheat,Verb Noun
check,Verb Noun
chef,Noun
cheerful,Adjective
cheese,Noun
chemical,"Adjective, Noun"
chemistry,Noun
chest,Noun
chicken,Noun
chief,"Adjective, Noun"
child,Noun
childhood,Noun
chip,Noun
chocolate,Noun
choice,Noun
choose,Verb
church,Noun
cigarette,Noun
cinema,Noun
circle,Noun Verb
circumstance,Noun
cite,Verb
citizen,Noun
city,Noun
civil,Adjective
claim,Verb Noun
class,Noun
classic,"Adjective, Noun"
classical,Adjective
classroom,Noun
clause,Noun
clean,"Adjective, Verb"
clear,"Adjective, Verb"
clearly,Adverb
clever,Adjective
click,Verb Noun
client,Noun
climate,Noun
climb,Verb Noun
clock,Noun
close1,Verb Noun
close2,"Adjective, Adverb"
closed,Adjective
closely,Adverb
cloth,Noun
clothes,Noun
clothing,Noun
cloud,Noun
club,Noun
clue,Noun
coach,Noun Verb
coal,Noun
coast,Noun
coat,Noun
code,Noun
coffee,Noun
coin,Noun
cold,Adjective Noun
collapse,Verb Noun
colleague,Noun
collect,Verb
collection,Noun
college,Noun
colour,Noun
coloured,Adjective
column,Noun
combination,Noun
combine,Verb
come,Verb
comedy,Noun
comfort,Noun Verb
comfortable,Adjective
command,Noun Verb
comment,Noun Verb
commercial,Adjective Noun
commission,Noun Verb
commit,Verb
commitment,Noun
committee,Noun
common,Adjective Noun
commonly,Adverb
communicate,Verb
communication,Noun
community,Noun
company,Noun
compare,Verb
comparison,Noun
compete,Verb
competition,Noun
competitor,Noun
competitive,Adjective
complain,Verb
complaint,Noun
complete,Adjective Verb
completely,Adverb
complex,"Adjective, Noun"
complicated,Adjective
component,Noun
computer,Noun
concentrate,Verb
concentration,Noun
concept,Noun
concern,Noun Verb
concerned,Adjective
concert,Noun
conclude,Verb
conclusion,Noun
condition,Noun
conduct,Verb Noun
conference,Noun
confidence,Noun
confident,Adjective
confirm,Verb
conflict,Noun Verb
confuse,Verb
confused,Adjective
confusing,Adjective
connect,Verb
connected,Adjective
connection,Noun
conscious,Adjective
consequence,Noun
conservative,"Adjective, Noun"
consider,Verb
consideration,Noun
consist,Verb
consistent,Adjective
constant,Adjective
constantly,Adverb
construct,Verb
construction,Noun
consume,Verb
consumer,Noun
contact,Noun Verb
contain,Verb
container,Noun
contemporary,Adjective
content,Noun
contest,Noun Verb
context,Noun
continent,Noun
continue,Verb
continuous,Adjective
contract,Noun Verb
contrast,Noun Verb
contribute,Verb
contribution,Noun
control,Noun Verb
convenient,Adjective
conversation,Noun
convert,Verb
convince,Verb
convinced,Adjective
cook,Verb Noun
cooker,Noun
cooking,Noun
cool,"Adjective, Verb"
copy,Noun Verb
core,Noun Adjective
corner,Noun
corporate,Adjective
correct,Adjective Verb
correctly,Adverb
cost,Noun Verb
costume,Noun
cottage,Noun
cotton,Noun
could,Verb
council,Noun
count,Verb Noun
country,Noun
countryside,Noun
county,Noun
couple,Noun
courage,Noun
course,Noun
court,Noun
cousin,Noun
cover,Verb Noun
covered,Adjective
cow,Noun
crash,Noun Verb
crazy,Adjective
cream,Noun Adjective
create,Verb
creation,Noun
creative,Adjective
creature,Noun
credit,Noun Verb
crew,Noun
crime,Noun
criminal,Noun Adjective
crisis,Noun
criterion,Noun
critic,Noun
critical,Adjective
criticism,Noun
criticize,Verb
crop,Noun
cross,Verb Noun
crowd,Noun
crowded,Adjective
crucial,Adjective
cruel,Adjective
cry,Verb Noun
cultural,Adjective
culture,Noun
cup,Noun
cupboard,Noun
cure,Verb Noun
curly,Adjective
currency,Noun
current,"Adjective, Noun"
currently,Adverb
curtain,Noun
curve,Noun Verb
curved,Adjective
custom,Noun
customer,Noun
cut,"Verb , Noun"
cycle,Noun Verb
dad,Noun
daily,"Adjective, Adverb"
damage,Noun Verb
dance,Noun Verb
dancer,Noun
dancing,Noun
danger,Noun
dangerous,Adjective
dark,"Adjective, Noun"
data,Noun
date,Noun Verb
daughter,Noun
day,Noun
dead,Adjective
deal,Verb Noun
dear,"Adjective, exclam"
death,Noun
debate,Noun Verb
debt,Noun
decade,Noun
December,Noun
decent,Adjective
decide,Verb
decision,Noun
declare,Verb
decline,Verb Noun
decorate,Verb
decoration,Noun
decrease,Verb Noun
deep,"Adjective, Adverb"
deeply,Adverb
defeat,Verb Noun
defence,Noun
defend,Verb
define,Verb
definite,Adjective
definitely,Adverb
definition,Noun
degree,Noun
delay,Verb Noun
deliberate,Adjective
deliberately,Adverb
delicious,Adjective
delight,Verb Noun
delighted,Adjective
deliver,Verb
delivery,Noun
demand,Noun Verb
demonstrate,Verb
dentist,Noun
deny,Verb
department,Noun
departure,Noun
depend,Verb
depressed,Adjective
depressing,Adjective
depth,Noun
describe,Verb
description,Noun
desert,Noun Verb
deserve,Verb
design,Noun Verb
designer,Noun
desire,Noun Verb
desk,Noun
desperate,Adjective
despite,prep
destination,Noun
destroy,Verb
detail,Noun Verb
detailed,Adjective
detect,Verb
detective,Noun
determine,Verb
determined,Adjective
develop,Verb
development,Noun
device,Noun
diagram,Noun
dialogue,Noun
diamond,Noun
diary,Noun
dictionary,Noun
die,Verb
diet,Noun
difference,Noun
different,Adjective
differently,Adverb
difficult,Adjective
difficulty,Noun
dig,Verb
digital,Adjective
dinner,Noun
direct,"Adjective, Verb Adverb"
direction,Noun
directly,Adverb
director,Noun
dirt,Noun
dirty,Adjective
Dis Adverbantage,Noun
disagree,Verb
disappear,Verb
disappointed,Adjective
disappointing,Adjective
disaster,Noun
disc,Noun
discipline,Noun
discount,Noun Verb
discover,Verb
discovery,Noun
discuss,Verb
discussion,Noun
disease,Noun
dish,Noun
dishonest,Adjective
dislike,Verb Noun
dismiss,Verb
display,Verb Noun
distance,Noun
distribute,Verb
distribution,Noun
district,Noun
divide,Verb Noun
division,Noun
divorced,Adjective
do,Verb auxiliary verb
doctor,Noun
document,Noun Verb
documentary,Noun
dog,Noun
dollar,Noun
domestic,Adjective
dominate,Verb
donate,Verb
door,Noun
double,"Adjective det. proNoun Verb , Adverb"
doubt,Noun Verb
down,Adverb Prep
download,Verb Noun
downstairs,"Adverb , Adjective"
downwards,Adverb
dozen,Noun det
draft,Noun Verb
drag,Verb
drama,Noun
dramatic,Adjective
draw,Verb
drawing,Noun
dream,Noun Verb
dress,Noun Verb
dressed,Adjective
drink,Noun Verb
drive,Verb Noun
driver,Noun
driving,Noun
drop,Verb Noun
drug,Noun
drum,Noun
drunk,Adjective
dry,"Adjective, Verb"
due,Adjective
during,prep
dust,Noun
duty,Noun
DVD,Noun
each,det./proNoun/Adverb
ear,Noun
early,Adjective Adverb
earn,Verb
earth,Noun
earthquake,Noun
easily,Adverb
east,Noun Adjective Adverb
eastern,Adjective
easy,Adjective
eat,Verb
economic,Adjective
economy,Noun
edge,Noun
edit,Verb
edition,Noun
editor,Noun
educate,Verb
educated,Adjective
education,Noun
educational,Adjective
effect,Noun
effective,Adjective
effectively,Adverb
efficient,Adjective
effort,Noun
egg,Noun
eight,Number
eighteen,Number
eighty,Number
either,Det./ProNoun
elderly,Adjective
elect,Verb
election,Noun
electric,Adjective
electrical,Adjective
electricity,Noun
electronic,Adjective
element,Noun
elephant,Noun
eleven,Number
else,Adverb
elsewhere,Adverb
email,Noun Verb
embarrassed,Adjective
embarrassing,Adjective
emerge,Verb
emergency,Noun
emotion,Noun
emotional,Adjective
emphasis,Noun
emphasize,Verb
employ,Verb
employee,Noun
employer,Noun
employment,Noun
empty,"Adjective, Verb"
enable,Verb
encounter,Verb Noun
encourage,Verb
end,Noun Verb
ending,Noun
enemy,Noun
energy,Noun
engage,Verb
engaged,Adjective
engine,Noun
engineer,Noun
engineering,Noun
enhance,Verb
enjoy,Verb
enormous,Adjective
enough,Det./ProNoun Adverb
enquiry,Noun
ensure,Verb
enter,Verb
entertain,Verb
entertainment,Noun
enthusiasm,Noun
enthusiastic,Adjective
entire,Adjective
entirely,Adverb
entrance,Noun
entry,Noun
environment,Noun
environmental,Adjective
episode,Noun
equal,"Adjective, Verb Noun"
equally,Adverb
equipment,Noun
error,Noun
escape,Verb Noun
especially,Adverb
essay,Noun
essential,Adjective
establish,Verb
estate,Noun
estimate,Verb Noun
ethical,Adjective
euro,Noun
evaluate,Verb
even,AdVerb Adjective
evening,Noun
event,Noun
eventually,Adverb
ever,Adverb
every,Det
everybody,ProNoun
everyday,Adjective
everyone,ProNoun
everything,ProNoun
everywhere,Adverb
evidence,Noun
evil,"Adjective, Noun"
exact,Adjective
exactly,Adverb
exam,Noun
examination,Noun
examine,Verb
example,Noun
excellent,Adjective
except,"Prep, Conj"
exchange,Noun Verb
excited,Adjective
excitement,Noun
exciting,Adjective
excuse,Noun Verb
executive,Noun Adjective
exercise,Noun Verb
exhibition,Noun
exist,Verb
existence,Noun
expand,Verb
expect,Verb
expectation,Noun
expected,Adjective
expedition,Noun
expense,Noun
expensive,Adjective
experience,Noun Verb
experienced,Adjective
experiment,Noun Verb
expert,Noun Adjective
explain,Verb
explanation,Noun
explode,Verb
exploration,Noun
explore,Verb
explosion,Noun
export,Noun Verb
expose,Verb
express,Verb
expression,Noun
extend,Verb
extent,Noun
external,Adjective
extra,"Adjective, Noun Adverb"
extraordinary,Adjective
extreme,"Adjective, Noun"
extremely,Adverb
eye,Noun
face,Noun Verb
facility,Noun
fact,Noun
factor,Noun
factory,Noun
fail,Verb
failure,Noun
fair,Adjective
fairly,Adverb
faith,Noun
fall,Verb Noun
FALSE,Adjective
familiar,Adjective
family,Noun Adjective
famous,Adjective
fan,Noun
fancy,Verb Adjective
fantastic,Adjective
far,"Adverb , Adjective"
farm,Noun Verb
farmer,Noun
farming,Noun
fascinating,Adjective
fashion,Noun
fashionable,Adjective
fast,"Adjective, Adverb"
fasten,Verb
fat,"Adjective, Noun"
father,Noun
fault,Noun
favour,Noun Verb
favourite,"Adjective, Noun"
fear,Noun Verb
feather,Noun
feature,Noun Verb
February,Noun
fee,Noun
feed,Verb Noun
feedback,Noun
feel,Verb Noun
feeling,Noun
fellow,Adjective
female,"Adjective, Noun"
fence,Noun
festival,Noun
few,"det./Adjective, proNoun"
fiction,Noun
field,Noun
fifteen,number
fifth,number
fifty,number
fight,Verb Noun
fighting,Noun
figure,Noun Verb
file,Noun Verb
fill,Verb
film,Noun Verb
final,"Adjective, Noun"
finally,Adverb
finance,Noun Verb
financial,Adjective
find,Verb
finding,Noun
fine,Adjective
finger,Noun
finish,Verb Noun
fire,Noun Verb
firm,Noun
first,det./number.AdVerb Noun
firstly,Adverb
fish,Noun Verb
fishing,Noun
fit,Verb Adjective
fitness,Noun
five,number
fix,Verb Noun
fixed,Adjective
flag,Noun
flame,Noun
flash,Noun Verb
flat,Noun Adjective
flexible,Adjective
flight,Noun
float,Verb
flood,Noun Verb
floor,Noun
flour,Noun
flow,Verb Noun
flower,Noun
flu,Noun
fly,Verb Noun
flying,Noun Adjective
focus,Verb Noun
fold,Verb Noun
folding,Adjective
folk,Noun Adjective
follow,Verb
following,"Adjective, Noun prep"
food,Noun
foot,Noun
football,Noun
for,prep.
force,NounVerb
foreign,Adjective
forest,Noun
forever,Adverb
forget,Verb
forgive,Verb
fork,Noun
form,NounVerb
formal,Adjective
former,Adjective
fortunately,Adverb
fortune,Noun
forty,number
forward,AdVerb Adjective
found,Verb
four,number
fourteen,number
fourth,number
frame,NounVerb
free,"Adjective, AdVerb Verb"
freedom,Noun
freeze,Verb
frequency,Noun
frequently,Adverb
fresh,Adjective
Friday,Noun
fridge,Noun
friend,Noun
friendly,Adjective
friendship,Noun
frighten,Verb
frightened,Adjective
frightening,Adjective
frog,Noun
from,prep
front,Noun Adjective
frozen,Adjective
fruit,Noun
fry,Verb
fuel,Noun Verb
full,Adjective
fully,Adverb
fun,Noun Adjective
function,Noun Verb
fund,Noun Verb
fundamental,Adjective
funding,Noun
funny,Adjective
fur,Noun
furniture,Noun
further,"Adjective, Adverb"
furthermore,Adverb
future,Noun Adjective
gain,Verb Noun
gallery,Noun
game,Noun
gang,Noun
gap,Noun
garage,Noun
garden,Noun
gas,Noun
gate,Noun
gather,Verb
general,Adjective
generally,Adverb
generate,Verb
generation,Noun
generous,Adjective
genre,Noun
gentle,Adjective
gentleman,Noun
geography,Noun
get,Verb
ghost,Noun
giant,"Adjective, Noun"
gift,Noun
girl,Noun
girlfriend,Noun
give,Verb
glad,Adjective
glass,Noun
global,Adjective
glove,Noun
go,Verb Noun
goal,Noun
God,Noun
gold,Noun Adjective
golf,Noun
good,"Adjective, Noun"
goodbye,exclam. Noun
goods,Noun
govern,Verb
government,Noun
grab,Verb
grade,Noun Verb
gradually,Adverb
graduate,Noun Verb
grain,Noun
grand,Adjective
grandfather,Noun
grandmother,Noun
grandparent,Noun
grant,Verb Noun
grass,Noun
grateful,Adjective
great,Adjective
green,"Adjective, Noun"
greet,Verb
grey,"Adjective, Noun"
ground,Noun
group,Noun
grow,Verb
growth,Noun
guarantee,Verb Noun
guard,Noun Verb
guess,Verb Noun
guest,Noun
guide,Noun Verb
guilty,Adjective
guitar,Noun
gun,Noun
guy,Noun
gym,Noun
habit,Noun
hair,Noun
half,"Noun/det./proNoun, Adverb"
hall,Noun
hand,Noun Verb
handle,Verb Noun
hang,Verb
happen,Verb
happily,Adverb
happiness,Noun
happy,Adjective
hard,"Adjective, Adverb"
hardly,Adverb
harm,Noun Verb
harmful,Adjective
hat,Noun
hate,Verb Noun
have,Verb auxiliary Verb
have to,Modal Verb
he,Pronoun
head,Noun Verb
headache,Noun
headline,Noun
health,Noun
healthy,Adjective
hear,Verb
hearing,Noun
heart,Noun
heat,Noun Verb
heating,Noun
heaven,Noun
heavily,Adverb
heavy,Adjective
heel,Noun
height,Noun
helicopter,Noun
hell,Noun
hello,Exclam./Noun
help,Verb Noun
helpful,Adjective
her,Pronoun
here,Adverb
hero,Noun
hers,Pronoun
herself,Pronoun
hesitate,Verb
hey,Exclam
hi,Exclam
hide,Verb
high,"Adjective, Adverb, Noun"
highlight,Verb Noun
highly,Adverb
hill,Noun
him,Pronoun
himself,Pronoun
hire,Verb Noun
his,"Determiner, Pronoun"
historic,Adjective
historical,Adjective
history,Noun
hit,Verb Noun
hobby,Noun
hockey,Noun
hold,Verb Noun
hole,Noun
holiday,Noun
hollow,Adjective
holy,Adjective
home,Noun Adverb Adjective
homework,Noun
honest,Adjective
honour,Noun Verb
hope,Verb Noun
horrible,Adjective
horror,Noun
horse,Noun
hospital,Noun
host,Noun Verb
hot,Adjective
hotel,Noun
hour,Noun
house,Noun Verb
household,Noun
housing,Noun
how,Adverb
however,Adverb
huge,Adjective
human,"Adjective, Noun"
humorous,Adjective
humour,Noun
hundred,Number
hungry,Adjective
hunt,Verb Noun
hunting,Noun
hurricane,Noun
hurry,Noun Verb
hurt,Verb Adjective Noun
husband,Noun
I,Pronoun
ice,Noun
ice cream,Noun
idea,Noun
ideal,"Adjective, Noun"
identify,Verb
identity,Noun
if,Conjunction
ignore,Verb
ill,Adjective
illegal,Adjective
illness,Noun
illustrate,Verb
illustration,Noun
image,Noun
imaginary,Adjective
imagination,Noun
imagine,Verb
immediate,Adjective
immediately,Adverb
immigrant,Noun
impact,Noun Verb
impatient,Adjective
imply,Verb
import,Noun Verb
importance,Noun
important,Adjective
impose,Verb
impossible,Adjective
impress,Verb
impressed,Adjective
impression,Noun
impressive,Adjective
improve,Verb
improvement,Noun
in,"Preposition, Adverb"
inch,Noun
incident,Noun
include,Verb
included,Adjective
including,Preposition
income,Noun
increase,Verb Noun
increasingly,Adverb
incredible,Adjective
incredibly,Adverb
indeed,Adverb
independent,Adjective
indicate,Verb
indirect,Adjective
individual,"Noun, Adjective"
indoor,Adjective
indoors,Adverb
industrial,Adjective
industry,Noun
infection,Noun
influence,Noun Verb
inform,Verb
informal,Adjective
information,Noun
ingredient,Noun
initial,Adjective
initially,Adverb
initiative,Noun
injure,Verb
injured,Adjective
injury,Noun
inner,Adjective
innocent,Adjective
insect,Noun
inside,"Preposition, Adverb, Noun, Adjective"
insight,Noun
insist,Verb
inspire,Verb
install,Verb
instance,Noun
instead,Adverb
institute,Noun
institution,Noun
instruction,Noun
instructor,Noun
instrument,Noun
insurance,Noun
intelligence,Noun
intelligent,Adjective
intend,Verb
intended,Adjective
intense,Adjective
intention,Noun
interest,Noun Verb
interested,Adjective
interesting,Adjective
internal,Adjective
international,Adjective
internet,Noun
interpret,Verb
interrupt,Verb
interview,Noun Verb
into,Preposition
introduce,Verb
introduction,Noun
invent,Verb
invention,Noun
invest,Verb
investigate,Verb
investigation,Noun
investment,Noun
invitation,Noun
invite,Verb
involve,Verb
involved,Adjective
iron,Noun Verb
island,Noun
issue,Noun Verb
IT,Noun
it,Pronoun
item,Noun
its,Determiner
itself,Pronoun
jacket,Noun
jam,Noun
January,Noun
jazz,Noun
jeans,Noun
jewellery,Noun
job,Noun
join,Verb
joke,Noun Verb
journal,Noun
journalist,Noun
journey,Noun
joy,Noun
judge,Noun Verb
judgement,Noun
juice,Noun
July,Noun
jump,Verb Noun
June,Noun
junior,Adjective
just,Adverb
justice,Noun
justify,Verb
keen,Adjective
keep,Verb
key,"Noun, Adjective Verb"
keyboard,Noun
kick,Verb Noun
kid,Noun
kill,Verb
killing,Noun
kilometre,Noun
kind (type),Noun
kind (caring),Adjective
king,Noun
kiss,Verb Noun
kitchen,Noun
knee,Noun
knife,Noun
knock,Verb Noun
know,Verb
knowledge,Noun
lab,Noun
label,Noun Verb
laboratory,Noun
labour,Noun
lack,Noun Verb
lady,Noun
lake,Noun
lamp,Noun
land,Noun Verb
landscape,Noun
language,Noun
laptop,Noun
large,Adjective
largely,Adverb
last (final),Determiner Adverb Adjective Noun
last (taking time),Verb
late,Adjective Adverb
later,Adverb Adjective
latest,Adjective Noun
laugh,Verb Noun
laughter,Noun
launch,Verb Noun
law,Noun
lawyer,Noun
lay,Verb
layer,Noun
lazy,Adjective
lead,Verb Noun
leader,Noun
leadership,Noun
leading,Adjective
leaf,Noun
league,Noun
lean,Verb
learn,Verb
learning,Noun
least,Determiner Pronoun Adverb
leather,Noun
leave,Verb Noun
lecture,Noun Verb
left,Adjective Adverb Verb
leg,Noun
legal,Adjective
leisure,Noun
lemon,Noun
lend,Verb
length,Noun
less,Determiner Pronoun Adverb
lesson,Noun
let,Verb
letter,Noun
level,Noun Adjective Verb
library,Noun
licence,Noun
lie,Verb
lie,Verb Noun
life,Noun
lifestyle,Noun
lift,Verb
light (from the sun/a lamp),Noun Adverb Verb
light (not heavy),Adjective
like (similar),Preposition
like (find sb/sth pleasant),Verb Noun
likely,Adjective
limit,Noun Verb
limited,Adjective
line,Noun Verb
link,Noun Verb
lion,Noun
lip,Noun
liquid,Noun Adjective
list,Noun Verb
listen,Verb
listener,Noun
literature,Noun
little,Adjective Determiner Pronoun Adverb
live,Verb
live,Adjective Adverb
lively,Adjective
living,Adjective Noun
load,Noun Verb
loan,Noun
local,Adjective Noun
locate,Verb
located,Adjective
location,Noun
lock,Verb Noun
logical,Adjective
lonely,Adjective
long,Adjective Adverb
long-term,Adjective Adverb
look,Verb Noun
loose,Adjective
lord,Noun
lorry,Noun
lose,Verb
loss,Noun
lost,Adjective
lot,Pronoun Determiner Adverb
loud,Adjective Adverb
loudly,Adverb
love,Noun Verb
lovely,Adjective
low,Adjective Adverb Noun
lower,Verb
luck,Noun
lucky,Adjective
lunch,Noun
lung,Noun
luxury,Noun
machine,Noun
mad,Adjective
magazine,Noun
magic,Noun Adjective
mail,Noun Verb
main,Adjective
mainly,Adverb
maintain,Verb
major,Adjective
majority,Noun
make,Verb Noun
male,Adjective Noun
mall,Noun
man,Noun
manage,Verb
management,Noun
manager,Noun
manner,Noun
many,Determiner Pronoun
map,Noun Verb
March,Noun
mark,Verb Noun
market,Noun Verb
marketing,Noun
marriage,Noun
married,Adjective
marry,Verb
mass,Noun Adjective
massive,Adjective
master,Noun Verb
match (contest/correspond),Noun Verb
matching,Adjective
material,Noun Adjective
mathematics,Noun
maths,Noun
matter,Noun Verb
maximum,Adjective Noun
May,Noun
may (modal verb),Verb
maybe,Adverb
me,Pronoun
meal,Noun
mean,Verb
meaning,Noun
means,Noun
meanwhile,Adverb
measure,Verb Noun
measurement,Noun
meat,Noun
media,Noun
medical,Adjective
medicine,Noun
medium,Adjective Noun
meet,Verb
meeting,Noun
melt,Verb
member,Noun
memory,Noun
mental,Adjective
mention,Verb Noun
menu,Noun
mess,Noun Verb
message,Noun
metal,Noun
method,Noun
metre,Noun
middle,Noun Adjective
midnight,Noun
might,Modal Verb
mild,Adjective
mile,Noun
military,Adjective Noun
milk,Noun
million,Number
mind,Noun Verb
mine (belongs to me),Pronoun
mine (hole in the ground),Noun
mineral,Noun
minimum,Adjective Noun
minister,Noun
minor,Adjective
minority,Noun
minute,Noun
mirror,Noun
miss,Verb
missing,Adjective
mission,Noun
mistake,Noun Verb
mix,Verb Noun
mixed,Adjective
mixture,Noun
mobile,Adjective Noun
model,Noun Verb
modern,Adjective
modify,Verb
moment,Noun
Monday,Noun
money,Noun
monitor,Noun Verb
monkey,Noun
month,Noun
mood,Noun
moon,Noun
moral,Adjective Noun
more,Determiner Pronoun Adverb
morning,Noun
most,Determiner Pronoun Adverb
mostly,Adverb
mother,Noun
motor,Noun Adjective
motorcycle,Noun
mount,Verb
mountain,Noun
mouse,Noun
mouth,Noun
move,Verb Noun
movement,Noun
movie,Noun
much,Determiner Pronoun Adverb
mud,Noun
multiple,Adjective
multiply,Verb
mum,Noun
murder,Noun Verb
muscle,Noun
museum,Noun
music,Noun
musical,Adjective Noun
musician,Noun
must,Modal Verb
my,Determiner
myself,Pronoun
mysterious,Adjective
mystery,Noun
nail,Noun
name,Noun Verb
narrative,Noun Adjective
narrow,Adjective Verb
nation,Noun
national,Adjective Noun
native,Adjective Noun
natural,Adjective
naturally,Adverb
nature,Noun
near,Preposition Adjective Adverb
nearly,Adverb
neat,Adjective
necessarily,Adverb
necessary,Adjective
neck,Noun
need,Verb Noun Modal Verb
needle,Noun
negative,Adjective Noun
neighbour,Noun
neighbourhood,Noun
neither,Determiner Pronoun Adverb
nerve,Noun
nervous,Adjective
net,Noun
network,Noun
never,Adverb
nevertheless,Adverb
new,Adjective
news,Noun
newspaper,Noun
next,Adjective Adverb Noun
next to,Preposition
nice,Adjective
night,Noun
nightmare,Noun
nine,Number
nineteen,Number
ninety,Number
no,Exclamation Determiner
no one,Pronoun
nobody,Pronoun
noise,Noun
noisy,Adjective
none,Pronoun
nor,Conjunction/Adverb
normal,Adjective/Noun
normally,Adverb
north,Noun/Adjective/Adverb
northern,Adjective
nose,Noun
not,Adverb
note,Noun/Verb
nothing,Pronoun
notice,Verb/Noun
notion,Noun
novel,Noun
November,Noun
now,Adverb/Conjunction
nowhere,Adverb
nuclear,Adjective
number,"Noun, Verb"
numerous,Adjective
nurse,Noun
nut,Noun
obey,Verb
object,"Noun, Verb"
objective,"Noun, Adjective"
obligation,Noun
observation,Noun
observe,Verb
obtain,Verb
obvious,Adjective
obviously,Adverb
occasion,Noun
occasionally,Adverb
occur,Verb
ocean,Noun
o'clock,Adverb
October,Noun
odd,Adjective
of,Preposition
off,"Adverb, Preposition"
offence,Noun
offend,Verb
offensive,Adjective
offer,"Verb, Noun"
office,Noun
officer,Noun
official,"Adjective, Noun"
often,Adverb
oh,Exclamation
oil,Noun
OK,"Exclamation, Adjective/Adverb"
old,Adjective
old-fashioned,Adjective
on,"Preposition, Adverb"
once,"Adverb, Conjunction"
one,"Number, Determiner, Pronoun"
onion,Noun
online,"Adjective, Adverb"
only,"Adjective, Adverb"
onto,Preposition
open,"Adjective, Verb"
opening,Noun
operate,Verb
operation,Noun
opinion,Noun
opponent,Noun
opportunity,Noun
oppose,Verb
opposed,Adjective
opposite,"Adjective, Adverb, Preposition, Noun"
opposition,Noun
option,Noun
or,Conjunction
orange,"Noun, Adjective"
order,"Noun, Verb"
ordinary,Adjective
organ,Noun
organization,Noun
organize,Verb
organized,Adjective
organizer,Noun
origin,Noun
original,"Adjective, Noun"
originally,Adverb
other,"Adjective, Pronoun"
otherwise,Adverb
ought,Modal Verb
our,Determiner
ours,Pronoun
ourselves,Pronoun
out,Adverb/Preposition
outcome,Noun
outdoor,Adjective
outdoors,Adverb
outer,Adjective
outline,"Noun, Verb"
outside,"Adverb, Preposition, Noun, Adjective"
oven,Noun
over,"Preposition, Adverb"
overall,"Adjective, Adverb"
owe,Verb
own,"Adjective/Pronoun, Verb"
owner,Noun
pace,"Noun, Verb"
pack,"Verb, Noun"
package,"Noun, Verb"
page,Noun
pain,Noun
painful,Adjective
paint,"Verb, Noun"
painter,Noun
painting,Noun
pair,Noun
palace,Noun
pale,Adjective
pan,Noun
panel,Noun
pants,Noun
paper,Noun
paragraph,Noun
parent,Noun
park,"Noun, Verb"
parking,Noun
parliament,Noun
part,Noun
participant,Noun
participate,Verb
particular,Adjective
particularly,Adverb
partly,Adverb
partner,Noun
party,Noun
pass,"Verb, Noun"
passage,Noun
passenger,Noun
passion,Noun
passport,Noun
past,"Adjective, Noun, Prep., Adverb"
path,Noun
patient,"Noun, Adjective"
pattern,Noun
pay,"Verb, Noun"
payment,Noun
peace,Noun
peaceful,Adjective
pen,Noun
pencil,Noun
penny,Noun
pension,Noun
people,Noun
pepper,Noun
per,Preposition
per cent,Noun Adjective/Adverb
percentage,Noun
perfect,Adjective
perfectly,Adverb
perform,Verb
performance,Noun
perhaps,Adverb
period,Noun
permanent,Adjective
permission,Noun
permit,"Verb, Noun"
person,Noun
personal,Adjective
personality,Noun
personally,Adverb
perspective,Noun
persuade,Verb
pet,Noun
petrol,Noun
phase,Noun
phenomenon,Noun
philosophy,Noun
phone,"Noun, Verb"
photo,Noun
photograph,"Noun, Verb"
photographer,Noun
photography,Noun
phrase,Noun
physical,Adjective
physics,Noun
piano,Noun
pick,"Verb, Noun"
picture,"Noun, Verb"
piece,Noun
pig,Noun
pile,"Noun, Verb"
pilot,Noun
pin,"Noun, Verb"
pink,"Adjective, Noun"
pipe,Noun
pitch,Noun
place,"Noun, Verb"
plain,Adjective
plan,"Noun, Verb"
plane,Noun
planet,Noun
planning,Noun
plant,"Noun, Verb"
plastic,"Noun, Adjective"
plate,Noun
platform,Noun
play,"Verb, Noun"
player,Noun
pleasant,Adjective
please,"Exclamation, Verb"
pleased,Adjective
pleasure,Noun
plenty,Pronoun
plot,"Noun, Verb"
plus,"Preposition, Adjective, Conjunction, Noun"
pocket,Noun
poem,Noun
poet,Noun
poetry,Noun
point,"Noun, Verb"
pointed,Adjective
poison,"Noun, Verb"
poisonous,Adjective
police,Noun
policeman,Noun
policy,Noun
polite,Adjective
political,Adjective
politician,Noun
politics,Noun
pollution,Noun
pool,Noun
poor,Adjective
pop,"Noun, Adjective"
popular,Adjective
popularity,Noun
population,Noun
port,Noun
portrait,Noun
pose,Verb
position,"Noun, Verb"
positive,"Adjective, Noun"
possess,Verb
possession,Noun
possibility,Noun
possible,Adjective
possibly,Adverb
post,"Noun, Verb"
poster,Noun
pot,Noun
potato,Noun
potential,"Adjective, Noun"
pound,Noun
pour,Verb
poverty,Noun
powder,Noun
power,"Noun, Verb"
powerful,Adjective
practical,Adjective
practice,Noun
practise,Verb
praise,"Noun, Verb"
pray,Verb
prayer,Noun
predict,Verb
prediction,Noun
prefer,Verb
pregnant,Adjective
preparation,Noun
prepare,Verb
prepared,Adjective
presence,Noun
present,"Adjective, Noun, Verb"
presentation,Noun
preserve,Verb
president,Noun
press,"Verb, Noun"
pressure,Noun
pretend,Verb
pretty,"Adjective, Adverb"
prevent,Verb
previous,Adjective
previously,Adverb
price,"Noun, Verb"
priest,Noun
primary,Adjective
prime,Adjective
prince,Noun
princess,Noun
principle,Noun
print,"Verb, Noun"
printer,Noun
printing,Noun
priority,Noun
prison,Noun
prisoner,Noun
privacy,Noun
private,Adjective
prize,Noun
probably,Adverb
problem,Noun
procedure,Noun
process,"Noun, Verb"
produce,"Verb, Verb"
producer,Noun
product,Noun
production,Noun
profession,Noun
professional,"Adjective, Noun"
professor,Noun
profile,Noun
profit,Noun
program,"Noun, Verb"
programme,Noun
progress,"Noun, Verb"
project,"Noun, Verb"
promise,"Verb, Noun"
promote,Verb
pronounce,Verb
proof,Noun
proper,Adjective
properly,Adverb
property,Noun
proposal,Noun
propose,Verb
prospect,Noun
protect,Verb
protection,Noun
protest,"Noun, Verb"
proud,Adjective
prove,Verb
provide,Verb
psychologist,Noun
psychology,Noun
pub,Noun
public,"Adjective, Noun"
publication,Noun
publish,Verb
pull,"Verb, Noun"
punish,Verb
punishment,Noun
pupil,Noun
purchase,"Noun, Verb"
pure,Adjective
purple,"Adjective, Noun"
purpose,Noun
pursue,Verb
push,"Verb, Noun"
put,Verb
qualification,Noun
qualified,Adjective
qualify,Verb
quality,Noun
quantity,Noun
quarter,Noun
queen,Noun
question,"Noun, Verb"
queue,"Noun, Verb"
quick,Adjective
quickly,Adverb
quiet,Adjective
quietly,Adverb
quit,Verb
quite,Adverb
quotation,Noun
quote,"Verb, Noun"
race (competition),NounVerb
race (people),Noun
racing,Noun
radio,Noun
railway,Noun
rain,"Noun, Verb"
raise,Verb
range,"Noun, Verb"
rank,"Noun, Verb"
rapid,Adjective
rapidly,Adverb
rare,Adjective
rarely,Adverb
rate,"Noun, Verb"
rather,Adverb
raw,Adjective
reach,"Verb, Noun"
react,Verb
reaction,Noun
read,Verb
reader,Noun
reading,Noun
ready,Adjective
real,Adjective
realistic,Adjective
reality,Noun
realize,Verb
really,Adverb
reason,Noun
reasonable,Adjective
recall,Verb
receipt,Noun
receive,Verb
recent,Adjective
recently,Adverb
reception,Noun
recipe,Noun
recognize,Verb
recommend,Verb
recommendation,Noun
record,Noun Verb
recording,Noun
recover,Verb
recycle,Verb
red,Adjective Noun
reduce,Verb
reduction,Noun
refer,Verb
reference,Noun
reflect,Verb
refuse,Verb
regard,Verb Noun
region,Noun
regional,Adjective
register,Verb Noun
regret,Verb Noun
regular,Adjective
regularly,Adverb
regulation,Noun
reject,Verb
relate,Verb
related,Adjective
relation,Noun
relationship,Noun
relative,Adjective Noun
relatively,Adverb
relax,Verb
relaxed,Adjective
relaxing,Adjective
release,Verb Noun
relevant,Adjective
reliable,Adjective
relief,Noun
religion,Noun
religious,Adjective
rely,Verb
remain,Verb
remark,Noun Verb
remember,Verb
remind,Verb
remote,Adjective
remove,Verb
rent,Noun Verb
repair,"Verb , Noun"
repeat,"Verb , Noun"
repeated,Adjective
replace,Verb
reply,Verb Noun
report,"Noun, Verb"
reporter,Noun
represent,Verb
representative,Noun Adjective
reputation,Noun
request,"Noun, Verb"
require,Verb
requirement,Noun
rescue,Verb Noun
research,Noun Verb
researcher,Noun
reservation,Noun
reserve,Noun Verb
resident,NounAdjective
resist,Verb
resolve,Verb
resort,Noun
resource,Noun
respect,Noun Verb
respond,Verb
response,Noun
responsibility,Noun
responsible,Adjective
rest (remaining part),Noun
rest (sleep/relax),Noun Verb
restaurant,Noun
result,"Noun, Verb"
retain,Verb
retire,Verb
retired,Adjective
return,Verb Noun
reveal,Verb
review,Noun Verb
revise,Verb
revolution,Noun
reward,Noun Verb
rhythm,Noun
rice,Noun
rich,Adjective
rid,Verb
ride,"Verb , Noun"
right,Adjective Adverb Noun
ring,Noun
ring,"Verb , Noun"
rise,"Verb , Noun"
risk,Noun Verb
river,Noun
road,Noun
robot,Noun
rock (stone),Noun
rock (music),Noun
role,Noun
roll,Verb Noun
romantic,Adjective
roof,Noun
room,Noun
root,Noun
rope,Noun
rough,Adjective
round,"Adjective Adverb prep., Noun"
route,Noun
routine,"Noun, Adjective"
row,Noun
royal,Adjective
rub,Verb
rubber,Noun Adjective
rubbish,Noun
rude,Adjective
rugby,Noun
rule,"Noun, Verb"
run,"Verb , Noun"
runner,Noun
running,Noun
rural,Adjective
rush,Verb Noun
sad,Adjective
sadly,Adverb
safe,Adjective
safety,Noun
sail,"Verb , Noun"
sailing,Noun
sailor,Noun
salad,Noun
salary,Noun
sale,Noun
salt,Noun
same,Adjective proNoun Adverb
sample,"Noun, Verb"
sand,Noun
sandwich,Noun
satellite,Noun
satisfied,Adjective
satisfy,Verb
Saturday,Noun
sauce,Noun
save,Verb
saving,Noun
say,Verb
scale,Noun
scan,Verb
scared,Adjective
scary,Adjective
scene,Noun
schedule,"Noun, Verb"
scheme,Noun
school,Noun
science,Noun
scientific,Adjective
scientist,Noun
score,Verb Noun
scream,Verb Noun
screen,NounVerb
script,Noun
sculpture,Noun
sea,Noun
search,Noun Verb
season,Noun
seat,Noun Verb
second1 (next after the first),"et./ number, Adverb"
second1 (unit of time),Noun
secondary,Adjective
secondly,Adverb
secret,"Adjective, Noun"
secretary,Noun
section,Noun
sector,Noun
secure,Verb Adjective
security,Noun
see,Verb
seed,Noun
seek,Verb
seem,Verb
select,Verb
selection,Noun
self,Noun
sell,Verb
send,Verb
senior,Adjective
sense,Noun Verb
sensible,Adjective
sensitive,Adjective
sentence,Noun Verb
separate,"Adjective, Verb"
September,Noun
sequence,Noun
series,Noun
serious,Adjective
seriously,Adverb
servant,Noun
serve,Verb
service,Noun
session,Noun
set (put),Verb
set (group),Noun
setting,Noun
settle,Verb
seven,number
seventeen,number
seventy,number
several,det./proNoun
severe,Adjective
sex,Noun
sexual,Adjective
shade,Noun
shadow,Noun
shake,Verb
shall,modal Verb
shallow,Adjective
shame,Noun
shape,Noun Verb
share,Verb Noun
sharp,Adjective
she,proNoun
sheep,Noun
sheet,Noun
shelf,Noun
shell,Noun
shelter,Noun Verb
shift,Noun Verb
shine,Verb
shiny,Adjective
ship,Noun Verb
shirt,Noun
shock,Noun Verb
shocked,Adjective
shoe,Noun
shoot,Verb
shooting,Noun
shop,Noun Verb
shopping,Noun
short,Adjective
shot,Noun
should,modal Verb
shoulder,Noun
shout,Verb Noun
show,Verb Noun
shower,Noun
shut,Verb Adjective
shy,Adjective
sick,Adjective
side,Noun
sight,Noun
sign,Noun Verb
signal,Noun Verb
significant,Adjective
significantly,Adverb
silence,Noun
silent,Adjective
silk,Noun
silly,Adjective
silver,Noun Adjective
similar,Adjective
similarity,Noun
similarly,Adverb
simple,Adjective
simply,Adverb
since,"prep. conj., Adverb"
sincere,Adjective
sing,Verb
singer,Noun
singing,Noun
single,Adjective Noun
sink,Verb
sir,Noun
sister,Noun
sit,Verb
site,Noun
situation,Noun
six,number
sixteen,number
sixty,number
size,Noun
ski,Verb Noun
skiing,Noun
skill,Noun
skin,Noun
skirt,Noun
sky,Noun
slave,Noun
sleep,"Verb , Noun"
slice,Noun Verb
slide,Verb Noun
slight,Adjective
slightly,Adverb
slip,Verb
slope,Noun Verb
slow,"Adjective , Verb"
slowly,Adverb
small,Adjective
smart,Adjective
smartphone,Noun
smell,Verb Noun
smile,Verb Noun
smoke,Noun Verb
smoking,Noun
smooth,Adjective
snake,Noun
snow,Noun Verb
so,Adverb conj.
soap,Noun
soccer,Noun
social,Adjective
society,Noun
sock,Noun
soft,Adjective
software,Noun
soil,Noun
solar,Adjective
soldier,Noun
solid,Adjective Noun
solution,Noun
solve,Verb
some,det. proNoun
somebody,proNoun
someone,proNoun
something,proNoun
sometimes,Adverb
somewhat,Adverb
somewhere,Adverb proNoun
son,Noun
song,Noun
soon,Adverb
sorry,Adjective exclam.
sort,"Noun, Verb"
soul,Noun
sound,Noun Verb
soup,Noun
source,Noun
south,Noun Adjective Adverb
southern,Adjective
space,Noun
speak,Verb
speaker,Noun
special,Adjective
specialist,Noun Adjective
species,Noun
specific,Adjective
specifically,Adverb
speech,Noun
speed,"Noun, Verb"
spell,Verb
spelling,Noun
spend,Verb
spending,Noun
spicy,Adjective
spider,Noun
spirit,Noun
spiritual,Adjective
split,Verb Noun
spoken,Adjective
sponsor,Verb Noun
spoon,Noun
sport,Noun
spot,"Noun, Verb"
spread,"Verb , Noun"
spring,"Noun, Verb"
square,Adjective Noun
stable,Adjective
stadium,Noun
staff,Noun
stage,"Noun, Verb"
stair,Noun
stamp,Noun
stand,"Verb , Noun"
standard,Noun Adjective
star,"Noun, Verb"
stare,Verb
start,"Verb , Noun"
state,"Noun, Adjective, v"
statement,Noun
station,Noun
statistic,Noun
statue,Noun
status,Noun
stay,"Verb , Noun"
steady,Adjective
steal,Verb
steel,Noun
steep,Adjective
step,"Noun, Verb"
stick (push into/attach),Verb
stick (piece of wood),Noun
sticky,Adjective
stiff,Adjective
still,"Adverb , Adjective"
stock,Noun
stomach,Noun
stone,Noun
stop,Verb Noun
store,"Noun, Verb"
storm,Noun
story,Noun
straight,Adverb Adjective
strange,Adjective
stranger,Noun
strategy,Noun
stream,Noun
street,Noun
strength,Noun
stress,Noun Verb
stretch,Verb Noun
strict,Adjective
strike,Verb Noun
string,Noun
strong,Adjective
strongly,Adverb
structure,"Noun, Verb"
struggle,Verb Noun
student,Noun
studio,Noun
study,Noun Verb
stuff,"Noun, Verb"
stupid,Adjective
style,Noun
subject,"Noun, Adjective"
submit,Verb
substance,Noun
succeed,Verb
success,Noun
successful,Adjective
successfully,Adverb
such,det./proNoun
sudden,Adjective
suddenly,Adverb
suffer,Verb
sugar,Noun
suggest,Verb
suggestion,Noun
suit,"Noun, Verb"
suitable,Adjective
sum,Noun Verb
summarize,Verb
summary,Noun
summer,Noun
sun,Noun
Sunday,Noun
supermarket,Noun
supply,Noun Verb
support,Verb Noun
supporter,Noun
suppose,Verb
sure,"Adjective , Adverb"
surely,Adverb
surface,Noun
surgery,Noun
surprise,Noun
surprise,Verb
surprised,Adjective
surprising,Adjective
surround,Verb
surrounding,Adjective
survey,Noun
survey,Verb
survive,Verb
suspect,Verb
suspect,Noun
swear,Verb
sweater,Noun
sweep,Verb
sweet,Adjective
sweet,Noun
swim,Verb
swim,Noun
swimming,Noun
switch,Verb
switch,Noun
symbol,Noun
sympathy,Noun
symptom,Noun
system,Noun
table,Noun
tablet,Noun
tail,Noun
take,Verb
tale,Noun
talent,Noun
talented,Adjective
talk,Verb
talk,Noun
tall,Adjective
tank,Noun
tape,Noun
target,Noun
target,Verb
task,Noun
taste,Noun
taste,Verb
tax,Noun
tax,Verb
taxi,Noun
tea,Noun
teach,Verb
teacher,Noun
teaching,Noun
team,Noun
tear,Verb
tear,Noun
technical,Adjective
technique,Noun
technology,Noun
teenage,Adjective
teenager,Noun
telephone,Noun
telephone,Verb
television,Noun
tell,Verb
temperature,Noun
temporary,Adjective
ten,Number
tend,Verb
tennis,Noun
tent,Noun
term,Noun
term,Verb
terrible,Adjective
test,Noun
test,Verb
text,Noun
text,Verb
than,Conj.
thank,Verb
thanks,Exclam./Noun
that,Det./ProNoun/Conj./Adverb
the,Definite article
theatre,Noun
their,Det.
theirs,ProNoun
them,ProNoun
theme,Noun
themselves,ProNoun
then,Adverb
theory,Noun
therapy,Noun
there,Adverb
therefore,Adverb
they,ProNoun
thick,Adjective
thief,Noun
thin,Adjective
thing,Noun
think,Verb
thinking,Noun
third,Number/Noun
thirsty,Adjective
thirteen,Number
thirty,Number
this,Det./ProNoun/Adverb
though,Conj./Adverb
thought,Noun
thousand,Number
threat,Noun
threaten,Verb
three,Number
throat,Noun
through,Prep./Adverb
throughout,Prep./Adverb
throw,Verb
Thursday,Noun
thus,Adverb
ticket,Noun
tidy,Adjective/Verb
tie,Verb/Noun
tight,Adjective
till,Conj./Prep.
time,Noun/Verb
tin,Noun
tiny,Adjective
tip,Noun/Verb
tired,Adjective
title,Noun
to,Prep./Infinitive marker
today,Adverb/Noun
toe,Noun
together,Adverb
toilet,Noun
tomato,Noun
tomorrow,Adverb/Noun
tone,Noun
tongue,Noun
tonight,Adverb/Noun
too,Adverb
tool,Noun
tooth,Noun
top,Noun/Adjective
topic,Noun
total,Adjective/Noun
totally,Adverb
touch,Verb/Noun
tough,Adjective
tour,Noun/Verb
tourism,Noun
tourist,Noun
towards,Prep.
towel,Noun
tower,Noun
town,Noun
toy,Noun/Adjective
track,Noun/Verb
trade,Noun/Verb
tradition,Noun
traditional,Adjective
traffic,Noun
train,Noun/Verb
trainer,Noun
training,Noun
transfer,Verb/Noun
transform,Verb
transition,Noun
translate,Verb
translation,Noun
transport,Noun/Verb
truly,Adverb
trust,Noun
trust,Verb
truth,Noun
try,Verb
try,Noun
T-shirt,Noun
tube,Noun
Tuesday,Noun
tune,Noun
tunnel,Noun
turn,Verb
turn,Noun
TV,Noun
twelve,Number
twenty,Number
twice,Adverb
twin,Noun/Adjective
two,Number
type,Noun
type,Verb
typical,Adjective
typically,Adverb
tyre,Noun
ugly,Adjective
ultimately,Adverb
umbrella,Noun
unable,Adjective
uncle,Noun
uncomfortable,Adjective
unconscious,Adjective
under,Prep./Adj.
underground,Adjective/Adverb
understand,Verb
understanding,Noun
underwear,Noun
unemployed,Adjective
unemployment,Noun
unexpected,Adjective
unfair,Adjective
unfortunately,Adverb
unhappy,Adjective
uniform,Noun
union,Noun
unique,Adjective
unit,Noun
united,Adjective
universe,Noun
university,Noun
unknown,Adjective
unless,Conj.
unlike,Prep.
unlikely,Adjective
unnecessary,Adjective
unpleasant,Adjective
until,Conj./Prep.
unusual,Adjective
up,Adverb/ProNoun
update,Verb/Noun
upon,Prep.
upper,Adjective
upset,Adjective/Verb
upstairs,Adverb/Adjective
upwards,Adverb
urban,Adjective
urge,Verb
us,ProNoun
use,Verb/Noun
used,Adjective
used to,Modal Verb
useful,Adjective
user,Noun
usual,Adjective
value,Noun/Verb
van,Noun
variety,Noun
various,Adjective
vary,Verb
vast,Adjective
vegetable,Noun
vehicle,Noun
venue,Noun
version,Noun
very,Adverb/Adjective
via,Prep.
victim,Noun
victory,Noun
video,Noun
view,Noun/Verb
viewer,Noun
village,Noun
violence,Noun
violent,Adjective
virtual,Adjective
virus,Noun
vision,Noun
visit,Verb/Noun
visitor,Noun
visual,Adjective
vital,Adjective
vitamin,Noun
voice,Noun
volume,Noun
volunteer,Noun/Verb
vote,Noun/Verb
wage,Noun
wait,Verb/Noun
waiter,Noun
wake,Verb
walk,Verb/Noun
wall,Noun
want,Verb
war,Noun
warm,Adjective/Verb
warn,Verb
warning,Noun
wash,Verb/Noun
washing,Noun
waste,Noun/Verb/Adjective
watch,Verb/Noun
water,Noun/Verb
wave,Noun
way,Noun
we,ProNoun
weak,Adjective
weakness,Noun
wealth,Noun
wealthy,Adjective
weapon,Noun
wear,Verb
weather,Noun
web,Noun
website,Noun
wedding,Noun
Wednesday,Noun
week,Noun
weekend,Noun
weigh,Verb
weight,Noun
welcome,Exclam./Verb/Adjective/Noun
well,Adverb/Adjective/Exclam.
west,Noun/Adjective/Adverb
western,Adjective
wet,Adjective
what,ProNoun/Det.
whatever,Det./ProNoun
wheel,Noun
when,Adverb/ProNoun/Conj.
whenever,Conj.
where,Adverb/Conj.
whereas,Conj.
wherever,Conj.
whether,Conj.
which,ProNoun/Det.
while,Conj./Noun
whisper,Verb/Noun
white,Adjective/Noun
who,ProNoun
whole,Adjective/Noun
whom,ProNoun
whose,Det./ProNoun
why,Adverb
wide,Adjective
widely,Adverb
wife,Noun
wild,Adjective
wildlife,Noun
will,Modal/Noun/Verb
willing,Adjective
win,Verb/Noun
wind1,Noun
wind2,Verb
window,Noun
wine,Noun
wing,Noun
winner,Noun
winter,Noun
wire,Noun
wise,Adjective
wish,Verb/Noun
with,Prep.
within,Prep.
without,Prep.
witness,Noun/Verb
woman,Noun
wonder,Verb/Noun
wonderful,Adjective
wood,Noun
wooden,Adjective
wool,Noun
word,Noun
work,Verb/Noun
worker,Noun
working,Adjective
world,Noun
worldwide,Adjective/Adverb
worried,Adjective
worry,Verb/Noun
worse,Adjective/Adverb/Noun
worst,Adjective/Adverb
worth,Adjective/Noun
would,Modal/Verb
wound,Noun/Verb
wow,Exclam.
wrap,Verb
write,Verb
writer,Noun
writing,Noun
written,Adjective
wrong,Adjective/Adverb/Noun
yard,Noun
yeah,Exclam.
year,Noun
yellow,Adjective/Noun
yes,Exclam.
yesterday,Adverb/Noun
yet,AdVerb/Conj.
you,ProNoun
young,Adjective/Noun
your,Det.
yours,ProNoun
yourself,ProNoun
youth,Noun
zero,Number
zone,Noun